#
# Start of 11.2 tests
#
#
# MDEV-31340 Remove MY_COLLATION_HANDLER::strcasecmp()
#
SET NAMES utf8;
CREATE TABLE t1 (I int, İ int);
ERROR 42S21: Duplicate column name 'İ'
CREATE TABLE t1 (a int, b int, KEY I(a), KEY İ(b));
ERROR 42000: Duplicate key name 'İ'
SET @@lc_time_names=it_İT;
SELECT @@lc_time_names;
@@lc_time_names
it_IT
SET @@lc_time_names=DEFAULT;
CREATE user u1@İT;
SELECT user, host FROM mysql.user WHERE user='u1';
User	Host
u1	it
DROP USER u1@it;
CREATE VIEW v1 AS SELECT 1;
SELECT COUNT(*) FROM INFORMATION_SCHEMA.VIEWS WHERE TABLE_NAME='v1';
COUNT(*)
1
SELECT COUNT(*) FROM INFORMATION_SCHEMA.VİEWS WHERE TABLE_NAME='v1';
COUNT(*)
1
DROP VIEW v1;
CREATE OR REPLACE TABLE t1 (pk int, c int);
INSERT INTO t1 VALUES (1,1);
INSERT INTO t1 VALUES (1,2);
INSERT INTO t1 VALUES (1,3);
INSERT INTO t1 VALUES (2,1);
INSERT INTO t1 VALUES (2,2);
INSERT INTO t1 VALUES (2,3);
SELECT pk, COUNT(*) OVER I AS cnt
FROM t1
WINDOW İ AS (PARTITION BY c ORDER BY pk ROWS BETWEEN 1 PRECEDING AND 1 FOLLOWING);
pk	cnt
1	2
2	2
1	2
2	2
1	2
2	2
DROP TABLE t1;
SELECT CEIL(10.6);
CEIL(10.6)
11
SELECT CEİL(10.6);
CEİL(10.6)
11
CREATE FUNCTION I() RETURNS INT RETURN 1;
SELECT İ();
İ()
1
DROP FUNCTION İ;
WITH I AS (SELECT 'a1' AS a, 'b1' AS b) SELECT * FROM İ;
a	b
a1	b1
INSTALL PLUGIN arİa SONAME 'not important';
ERROR HY000: Plugin 'arİa' already installed
CREATE TABLE t1 (a INT) ENGINE=MyİSAM;
SHOW CREATE TABLE t1;
Table	Create Table
t1	CREATE TABLE `t1` (
  `a` int(11) DEFAULT NULL
) ENGINE=MyISAM DEFAULT CHARSET=latin1 COLLATE=latin1_swedish_ci
DROP TABLE t1;
SELECT @@CHARACTER_SET_CLİENT;
@@CHARACTER_SET_CLİENT
utf8mb3
SET @I='i';
SELECT @İ;
@İ
i
CREATE TABLE t1(
x INT,
start_timestamp TIMESTAMP(6) GENERATED ALWAYS AS ROW START,
end_timestamp TIMESTAMP(6) GENERATED ALWAYS AS ROW END,
PERIOD FOR SYSTEM_TIME(start_tİmestamp, end_tİmestamp)
) WITH SYSTEM VERSIONING;
SHOW CREATE TABLE t1;
Table	Create Table
t1	CREATE TABLE `t1` (
  `x` int(11) DEFAULT NULL,
  `start_timestamp` timestamp(6) GENERATED ALWAYS AS ROW START,
  `end_timestamp` timestamp(6) GENERATED ALWAYS AS ROW END,
  PERIOD FOR SYSTEM_TIME (`start_timestamp`, `end_timestamp`)
) ENGINE=MyISAM DEFAULT CHARSET=latin1 COLLATE=latin1_swedish_ci WITH SYSTEM VERSIONING
DROP TABLE t1;
BEGIN NOT ATOMIC
label_İ:
LOOP
label_I:
LOOP
LEAVE label_I;
END LOOP;
LEAVE label_İ;
END LOOP;
END;
$$
ERROR 42000: Redefining label label_I
BEGIN NOT ATOMIC
label_İ:
LOOP
SELECT 'looping' AS stage;
LEAVE label_I;
END LOOP;
SELECT 'out of loop' AS stage;
END;
$$
stage
looping
stage
out of loop
